Figg,Gillan,gfigg0@bigcartel.com,i5O0nmR1hpW
Gerbi,Scott,sgerbi1@arizona.edu,pP8nUZL
Scattergood,Alleyn,ascattergood2@sphinn.com,0UwuEs
Hursthouse,Stormy,shursthouse3@youtube.com,6TEBS6Bnd1H
Wyllie,Rickey,rwyllie4@360.cn,wFEk7a44uxt
Cooper,Blinni,bcooper5@simplemachines.org,o7vDBAj
Matysiak,Lanny,lmatysiak6@acquirethisname.com,fXunTe
LAmie,Lefty,llamie7@prnewswire.com,ZYamM56
Quin,Lin,lquin8@flavors.me,tpGHilY
Pealing,Delcine,dpealing9@tuttocitta.it,fSqbI0
Kellington,Lonnie,lkellingtona@google.fr,Ke15b0KLL
Vasyukhichev,Emelyne,evasyukhichevb@cbsnews.com,qAQmxGV5
Questier,Vin,vquestierc@miitbeian.gov.cn,K1FaSh
Lyokhin,Eberhard,elyokhind@abc.net.au,pielbA9wbSPq
DeBlasi,Carlye,cdeblasie@boston.com,xYuIafF
Gerriet,Ezra,egerrietf@blinklist.com,bjlfCZB1
Firsby,Korney,kfirsbyg@dagondesign.com,jadkX6H
Lambarth,Tiffani,tlambarthh@fda.gov,Nb5OkR
Burbridge,Sasha,sburbridgei@msu.edu,BMV0FMIaqSd
Panton,Hobart,hpantonj@apple.com,NiiwNDZZd1X3
Twigger,Annabelle,atwiggerk@oakley.com,vms5sRKssd
Canceller,Harrie,hcancellerl@prlog.org,QBxGMaEHb4
Tue,King,ktuem@elpais.com,Qdu4P544H4
Took,Norene,ntookn@tripadvisor.com,qD7Lu8Xw4e7
Fawthrop,Warden,wfawthropo@jalbum.net,ir7PjO
Nicolson,Carin,cnicolsonp@theglobeandmail.com,KWr2SV
Stewart,Cherice,cstewartq@amazonaws.com,J6OR9Q
Barreau,Brendin,bbarreaur@google.it,31J1oVyb9gh
Nazareth,Inesita,inazareths@imgur.com,u9Z9CYz
Mark,Angele,amarkt@prweb.com,Ec3myKEl74X
Gouldthorp,Shelley,sgouldthorpu@noaa.gov,9lNMLV9tGHj
Brunroth,Melisent,mbrunrothv@soup.io,8vNW6DZZ7U
Boatman,Cad,cboatmanw@nytimes.com,nalJqfB2d
Rickett,Irma,irickettx@google.co.jp,ww6PQbxK
Lestrange,Trista,tlestrangey@bizjournals.com,gCAoGF
Rochelle,Marline,mrochellez@meetup.com,12UYMhO
Lewnden,Carlo,clewnden10@ucoz.ru,sQMYubH9E9y
Werlock,Thane,twerlock11@ocn.ne.jp,6J5Zgy
Patinkin,Jerrome,jpatinkin12@list-manage.com,zIv7ce
Bonas,Den,dbonas13@ucoz.ru,5bnYNmRJO
Chicco,Billie,bchicco14@ehow.com,vnltCNh
Seignior,Yetty,yseignior15@rediff.com,tB7bsJktNJIv
Yirrell,Diane-marie,dyirrell16@slideshare.net,w9qZgt7ZmjpO
Bernadon,Kate,kbernadon17@g.co,USJk0dgLz
Jest,Birdie,bjest18@yellowbook.com,Xb0PTfAvcj
Wathan,Hatti,hwathan19@fema.gov,PJRqeY5
Ryan,Gene,gryan1a@goo.gl,XZz8fD
Berthot,Sandye,sberthot1b@statcounter.com,WueLOyW
Marmyon,Lauren,lmarmyon1c@marriott.com,zMLOfH2Cxw
Estrella,Timothy,testrella1d@slideshare.net,4pIrWqrPe
Brazer,Nester,nbrazer1e@newyorker.com,RiiEA2IKXLjT
Nunns,Patrizio,pnunns1f@bravesites.com,qIg8nqP
Flindall,Hazel,hflindall1g@un.org,UFsi7oqeRqY
Wisam,Lorenza,lwisam1h@acquirethisname.com,FR3enZ8SVtSq
Gordge,Maxine,mgordge1i@baidu.com,AxFMhPjU
Camolli,Konrad,kcamolli1j@samsung.com,2AtPdpdQG
Penniall,Murial,mpenniall1k@independent.co.uk,HNVHFAqjSL
Klimuk,Tadeas,tklimuk1l@vinaora.com,KdMFl9R8mzK
Lehenmann,Ambrose,alehenmann1m@ihg.com,D7U8fX0r
OFarrell,Camellia,cofarrell1n@xing.com,FfyZ17n8jGUs
Ateggart,Sheri,sateggart1o@t-online.de,B8bROU4jQ0f
Schowenburg,Mindy,mschowenburg1p@bravesites.com,7sIPC2CnXARm
Farlambe,Marius,mfarlambe1q@hatena.ne.jp,uqE9ZjgpfIb
Chesney,Pierre,pchesney1r@tinyurl.com,MWGm728n69Ac
Massimo,Maxine,mmassimo1s@edublogs.org,eftobBIDa
Tupman,Bronson,btupman1t@sina.com.cn,C209ehD
Haitlie,Neron,nhaitlie1u@slashdot.org,n9Ts9hqE
Corns,Dasha,dcorns1v@1688.com,MQgqYv
Curgenuer,Ikey,icurgenuer1w@domainmarket.com,kQh2RTk257qe
Snasdell,Stanwood,ssnasdell1x@friendfeed.com,kCc2VCZmfp1
Hissie,Leigh,lhissie1y@com.com,r4DVMX
Orro,Gustavo,gorro1z@nps.gov,epkQ3xLrm8Z
Jeannin,Obadias,ojeannin20@behance.net,Ng7DOzB2t
Cockle,Minta,mcockle21@harvard.edu,5GGV47
Battabee,Aldrich,abattabee22@nih.gov,qQKCz8JIc
Matkovic,Georas,gmatkovic23@economist.com,YQSwiS
Larvin,Conrad,clarvin24@cisco.com,4LKgtZ8QP7X
Harrop,Jessey,jharrop25@rediff.com,xEMRBH5T4wyr
Duker,Clemmie,cduker26@de.vu,6q30u3L
Skittreal,Vern,vskittreal27@apple.com,DB2Z6QfNR9
Sandbatch,Arda,asandbatch28@hexun.com,zPxNaDzhKX5Y
Olanda,Myles,molanda29@dot.gov,62egoH
Tather,Roanna,rtather2a@tripod.com,sS4Vmgz
Canner,Aila,acanner2b@weibo.com,pWOivX
McGinnis,Cory,cmcginnis2c@github.com,mfjn6CTPa
Rubke,Tarrance,trubke2d@clickbank.net,DupiVSjm
Vineall,Hortense,hvineall2e@slashdot.org,GWLN9D
Proske,Vanny,vproske2f@uol.com.br,dTdJKsmkk
Lewsey,Gerri,glewsey2g@vimeo.com,89Eaw3xekDrN
Valek,Cayla,cvalek2h@networksolutions.com,Izh0wHUAb
Mitro,Irving,imitro2i@fc2.com,jsXT9dii7aQ
Whitebrook,Benetta,bwhitebrook2j@usgs.gov,AYZx8KSs0
Westerman,Lilas,lwesterman2k@creativecommons.org,xno1JOfY
Barnsdale,Berti,bbarnsdale2l@patch.com,ClMUN3l
Jaukovic,Lyon,ljaukovic2m@examiner.com,kyz2OArPejaZ
Beak,Geneva,gbeak2n@dailymail.co.uk,UjtKWO
Rosenthal,Rebeka,rrosenthal2o@cbslocal.com,AH2CkwHuOYBW
Lithgow,Sarita,slithgow2p@nps.gov,T7PNzO
Gradwell,Madalyn,mgradwell2q@unesco.org,uQuir3dMw9c
Cessford,Mattie,mcessford2r@tinypic.com,BX10XnA3rbV
Mechell,Maximilianus,mmechell2s@gnu.org,yFvvAKYS
McLachlan,Artus,amclachlan2t@diigo.com,GODLs2do9Y
Westwick,Charmain,cwestwick2u@washingtonpost.com,5rPATdGkw7
Youll,Anton,ayoull2v@miibeian.gov.cn,c7dtRsAUaK
Taylot,Percival,ptaylot2w@odnoklassniki.ru,xSd4NyWH
Rother,Vlad,vrother2x@usnews.com,2CQDXvP
McKeon,Jaine,jmckeon2y@uol.com.br,LLhFGp6kWa6
Addyman,Ettore,eaddyman2z@ask.com,CEzhO8IqRG2
Dumper,Tani,tdumper30@hhs.gov,b5xwPtbRy
Morcom,Langsdon,lmorcom31@slate.com,jlFEZtAI
Rasmus,Graig,grasmus32@squidoo.com,uXs6oIvjFGx
Antonucci,Westleigh,wantonucci33@skype.com,Xq76nz
Huelin,Consolata,chuelin34@nature.com,vk12Ytg
Charle,Orsola,ocharle35@narod.ru,eRofDiPwpOsm
Abels,Nevil,nabels36@ted.com,UrXZMpAasQU
Gatch,Koressa,kgatch37@bbb.org,d5yAsN
Archibould,Damiano,darchibould38@pagesperso-orange.fr,ZLGgoalGMie
Torrisi,Coraline,ctorrisi39@com.com,BDarQEZDW
Erat,Amye,aerat3a@baidu.com,SEvr6mxSL8Iw
Gronaver,Roxi,rgronaver3b@cnbc.com,FuoFITgP4
Wildin,Clementine,cwildin3c@fda.gov,uRfXskeI4x6
Eschalotte,Trista,teschalotte3d@wiley.com,th8v8GgEHf
Penhallurick,Elden,epenhallurick3e@boston.com,IOfYEFT
Visco,Vivian,vvisco3f@disqus.com,lnQuH2
Chalfont,Nadya,nchalfont3g@pinterest.com,igp2fm
Croce,Audry,acroce3h@oakley.com,Ed22DTuuGw
Jinda,Alejoa,ajinda3i@stanford.edu,kLSWcKKpEYZ
Yashunin,Kale,kyashunin3j@salon.com,D5MPgJdpJt
Gallahar,Elspeth,egallahar3k@parallels.com,clIQO0i8
Culpen,Dino,dculpen3l@joomla.org,WfFq16zHRjz
Belin,Roland,rbelin3m@reverbnation.com,XccL7KR
Quarles,Vallie,vquarles3n@newsvine.com,LuG6kcPs
Joubert,Tracy,tjoubert3o@dedecms.com,xBVy4gfa
Geipel,Michele,mgeipel3p@reuters.com,7F7lqfFhB4I6
Renouf,Allyson,arenouf3q@hibu.com,w4MQwQP7
Meckiff,Madalyn,mmeckiff3r@is.gd,yn7A65PpA7uF
Chellam,Guillema,gchellam3s@independent.co.uk,GflcyH
Huet,Benoit,bhuet3t@joomla.org,CKVWpi
Felmingham,Thom,tfelmingham3u@bloglovin.com,gU4G8Ao
Saunt,Beale,bsaunt3v@360.cn,FCSlTeZ
Stoacley,Savina,sstoacley3w@mayoclinic.com,WqDvDWRTFZvx
Morcomb,Alano,amorcomb3x@github.io,LaXGYS
Bowley,Amory,abowley3y@google.pl,NPa9KL0
Hadgraft,Lacey,lhadgraft3z@dropbox.com,t6iw5Yv638l
Grelak,Ax,agrelak40@delicious.com,6JuJwW
Drennan,Kirby,kdrennan41@loc.gov,840YU8v
Liversley,Alyss,aliversley42@usgs.gov,f4o14aUoga
Elsmore,Binky,belsmore43@reverbnation.com,8BWbstrgAx
Harbour,Robers,rharbour44@comcast.net,auz7UaOe
Coram,Denna,dcoram45@ebay.com,GUoS5T
McCaghan,Amabel,amccaghan46@blogs.com,KUy5IPsQdp
Hamfleet,Blondie,bhamfleet47@utexas.edu,aXBqBypEuU
Eddolls,Abrahan,aeddolls48@comcast.net,7qOVnjHV5
Drillot,Dirk,ddrillot49@twitter.com,S4oUIxO9cY3
Cornely,Flory,fcornely4a@sphinn.com,rYNYJGRP49U
Mathys,Ofelia,omathys4b@icq.com,y73hdv5p
Laverack,Lurette,llaverack4c@theatlantic.com,u136ysBR0Mk
Whiteley,Fulton,fwhiteley4d@hc360.com,EBaTI1EnZ
Garth,Channa,cgarth4e@mapy.cz,N6INfgSye0
Goldring,Egor,egoldring4f@bigcartel.com,HGCqJ5FfT
Crich,Rustie,rcrich4g@woothemes.com,MO3TdkIZEd
Campany,Lonnard,lcampany4h@163.com,aUVt6t2
Clausewitz,Odelia,oclausewitz4i@com.com,osKw616pX
Mauvin,Ainslee,amauvin4j@nsw.gov.au,v4CNvDpF
Petrillo,Luther,lpetrillo4k@answers.com,vDGCm0Z7g3
Goodburn,Morty,mgoodburn4l@ycombinator.com,hqtjc8
Jersch,Emanuele,ejersch4m@wikipedia.org,1cuREml
Parlett,Tarrance,tparlett4n@youtu.be,XU14I2JgUpH
Patullo,Morgen,mpatullo4o@ycombinator.com,bvroo9C6tD
Leydon,Sibyl,sleydon4p@washingtonpost.com,7nUBTVuG
Matton,Lauryn,lmatton4q@a8.net,EfNr2MU
Aberchirder,Letta,laberchirder4r@techcrunch.com,SkFVXnMraoLP
Kilvington,Giordano,gkilvington4s@delicious.com,cN4cOCuACu8h
Foister,Malina,mfoister4t@nih.gov,jYjLGeaBB
Franseco,Melisse,mfranseco4u@mlb.com,uHvx3ls4Su0
Greatham,Star,sgreatham4v@engadget.com,eUhRjNny3fL
Sharply,Bradley,bsharply4w@slideshare.net,OhUAC4w
Roaf,Ginnie,groaf4x@diigo.com,KMts2ePf
Eastop,Shalne,seastop4y@fema.gov,dpux24x
Naylor,Chase,cnaylor4z@economist.com,IRMDbUGI
Teek,Robert,rteek50@forbes.com,UmA9VBqkTyBR
McKinless,Marlon,mmckinless51@photobucket.com,BGZdd5
Beckett,Tamma,tbeckett52@msn.com,h70Q5jHyF
Pester,Malvina,mpester53@w3.org,VTxIfH87U
Mercey,Angelique,amercey54@sun.com,e5w19QZj
Davis,Prentice,pdavis55@utexas.edu,h9CpR1MD0A
Bruster,Emlynne,ebruster56@live.com,ygFR8Tdr
Kembry,Milo,mkembry57@cbslocal.com,uOp7BUjS
Alexsandrev,Kele,kalexsandrev58@nhs.uk,soCqNxfW5H
Bambra,Cortie,cbambra59@qq.com,GTmTcBrkJwXY
Burdon,Rois,rburdon5a@google.cn,tUVh22
Fallens,Vivyan,vfallens5b@yellowbook.com,tZvKdgApknw
ODonegan,Parnell,podonegan5c@merriam-webster.com,TSaQ1tw0Zp
Pudge,Krystle,kpudge5d@google.fr,5rFO0AB7H
Comazzo,Ivie,icomazzo5e@cisco.com,IDOTJcf9yGR
Heavens,Hillel,hheavens5f@bing.com,0JyDEn
Maylott,Muire,mmaylott5g@discuz.net,YusMRo
Ghiroldi,Ulla,ughiroldi5h@yellowpages.com,lBZ6cW9evw
Arnauduc,Clerc,carnauduc5i@dailymail.co.uk,kHYSjkSP
Jiras,Aundrea,ajiras5j@army.mil,NKzm4U
Pennetti,Barthel,bpennetti5k@bing.com,jnNwEpHzjsk
Copestick,Darrell,dcopestick5l@forbes.com,IWb2qGVPIm
Brizland,Beniamino,bbrizland5m@bizjournals.com,Sc0XD22e
VanVelde,Viviana,vvanvelde5n@admin.ch,TYASJmESf
McKerrow,Ingemar,imckerrow5o@geocities.com,fpenauU
Reeder,Erv,ereeder5p@google.com.au,R36vLdNuS5
Woodroffe,Susy,swoodroffe5q@ebay.com,lylsU38xczth
Krzyzaniak,Lisbeth,lkrzyzaniak5r@dell.com,gcQGI7I
McPharlain,Christiano,cmcpharlain5s@sfgate.com,nqL5fuxL
Tonnesen,Jennee,jtonnesen5t@geocities.jp,Rb6wdwLJz
Curdell,Alisha,acurdell5u@moonfruit.com,I0ka72Au
MacDermott,Ninetta,nmacdermott5v@cmu.edu,tucK4RvC
Gladdolph,Carmon,cgladdolph5w@ucsd.edu,22e63Cd6N0
Alywin,Chery,calywin5x@huffingtonpost.com,hPeaaXLl
Haseldine,Tonie,thaseldine5y@unicef.org,yrHNkG14eel
Krol,Marty,mkrol5z@home.pl,VqDnv1kxfaZ
Janout,Ruperto,rjanout60@163.com,L1SV7N
Camerello,Christalle,ccamerello61@storify.com,SMyC0TuXd6q
McElvine,Verile,vmcelvine62@freewebs.com,yqHlnPnE
Edmand,Gigi,gedmand63@ftc.gov,72SuZCMPpuZl
Mouget,Rhonda,rmouget64@guardian.co.uk,R3bly8H9V
Itzkovwitch,Monte,mitzkovwitch65@soundcloud.com,0yVyBRZAC
Towsie,Devan,dtowsie66@elegantthemes.com,dTIgF3k
Flecknell,Cammy,cflecknell67@tiny.cc,JhoKF0h
Daburn,Orin,odaburn68@wikia.com,u2WJjgfj
Cannavan,Coralie,ccannavan69@tmall.com,S8l2UOO8KrW1
Meyer,Ardisj,ameyer6a@lycos.com,SBPCtPVbmHpM
Ahrend,Cortie,cahrend6b@sourceforge.net,bTRALkK
Bushaway,Corbet,cbushaway6c@canalblog.com,7rgkAOCa
Brewett,Anna-diane,abrewett6d@nytimes.com,AvvyhYen
Wontner,Astra,awontner6e@addthis.com,X4VbrXWq
Judkin,Michail,mjudkin6f@booking.com,uAS6IaA
Bewshea,Charlot,cbewshea6g@surveymonkey.com,BnAUlD3
Gentile,Tam,tgentile6h@uol.com.br,gb1YwlkdAn
LaBatie,Ellette,elabatie6i@printfriendly.com,kVd9qy0C
Gallgher,Loutitia,lgallgher6j@blogtalkradio.com,2gBuFUzb4PfN
Bazek,Mariette,mbazek6k@bigcartel.com,qTDhzQRb14
Dummigan,Caleb,cdummigan6l@scientificamerican.com,C7ZKFWpg
Hatherleigh,Ardine,ahatherleigh6m@163.com,wEivnfs
Hanson,Winny,whanson6n@rambler.ru,cIWQgJ
Fidgett,Oralia,ofidgett6o@examiner.com,roF1QJI
McGuffie,Howard,hmcguffie6p@indiatimes.com,fGtzPw
Scroggie,Tonia,tscroggie6q@photobucket.com,u6TzZA
Jeffcock,Shel,sjeffcock6r@japanpost.jp,Z0LenlFXN0M
deMerida,Rube,rdemerida6s@is.gd,WDKfGp
Butterick,Kary,kbutterick6t@eepurl.com,ChR0qKTUgS
Skill,Corby,cskill6u@theatlantic.com,8W91Ku1xtl
Milvarnie,Kala,kmilvarnie6v@jimdo.com,r9YyvYI
Course,Vinson,vcourse6w@ning.com,n0Na5t
Bottrell,Mildrid,mbottrell6x@unc.edu,JfecwzwIir
Delamar,Angelita,adelamar6y@prnewswire.com,01gsGztJw
Dennerley,Arnuad,adennerley6z@pen.io,UIWlr5ZTuCZS
Mournian,Jackie,jmournian70@walmart.com,ZLJnXRZWFX
Chiommienti,Freddie,fchiommienti71@google.es,v2rhVb
Crowth,Brandy,bcrowth72@slashdot.org,YEEyD8zAMMj
Mullinger,Clywd,cmullinger73@macromedia.com,cldx36WB1Dj
Cannicott,Aurelia,acannicott74@reuters.com,JuWb8nlLg
Bousfield,Jennie,jbousfield75@technorati.com,2KKSzDfXK
Houseley,Sula,shouseley76@imageshack.us,cc91B1m
McBoyle,Gualterio,gmcboyle77@webmd.com,uusaha3
Beggan,Wally,wbeggan78@elegantthemes.com,bLEJSD
Frampton,Nataline,nframpton79@hibu.com,FjRhiF2nJAY4
Dinsdale,Biddie,bdinsdale7a@marketwatch.com,lS3Tfj
Dewar,Nessa,ndewar7b@godaddy.com,Ny17I2Y
Curnock,Amara,acurnock7c@nytimes.com,oCg2kt
Ostler,Jehanna,jostler7d@mail.ru,DXq6K2TKSrc
Dermot,Waring,wdermot7e@usatoday.com,MKNUN3
Sealy,Ev,esealy7f@bravesites.com,N5SEZXxtpPW4
Notti,Melva,mnotti7g@unc.edu,FTaycMsYjPuG
Ausiello,Gaven,gausiello7h@ucoz.ru,gEROcMjoe
Louis,Lorinda,llouis7i@cpanel.net,1pxpV20x7wln
Colls,Henrietta,hcolls7j@cafepress.com,sbviyM9acr
Glenn,Joellen,jglenn7k@woothemes.com,Kmmp0y
Dearth,Adiana,adearth7l@archive.org,3DTKtmg
Dorrity,Cecilius,cdorrity7m@bravesites.com,ofDTEm7xYt7c
OCullinane,Phillis,pocullinane7n@hibu.com,KOQXteMG
Grainger,Regine,rgrainger7o@hubpages.com,USjHDdN
Poland,Elset,epoland7p@msu.edu,yRK941ejC
Rens,Dacia,drens7q@vistaprint.com,IIV8MLb
Cashin,Dasya,dcashin7r@who.int,unm6pBoc
Berka,Melantha,mberka7s@shop-pro.jp,Myj6oGB3GVh
Malitrott,Lavinia,lmalitrott7t@earthlink.net,G0tHH8
OKerin,Virginia,vokerin7u@amazon.co.uk,2AChgfPj
Momford,Brier,bmomford7v@soup.io,JVGOusY
Palomba,Mariska,mpalomba7w@odnoklassniki.ru,RHnssh
Bythell,Barret,bbythell7x@ted.com,zDyQ5wvrbrl7
Felgat,Michal,mfelgat7y@loc.gov,C2eLN80NxJ0l
Hurich,Deeanne,dhurich7z@vistaprint.com,gbxGX6QhGW
Witter,Lainey,lwitter80@photobucket.com,5Fz6Iqysnd1
Tregunnah,Taffy,ttregunnah81@nifty.com,opYOmHg
Elphick,Emyle,eelphick82@smh.com.au,2tUSwDB1mxer
McArt,Maurie,mmcart83@hud.gov,iXGazFY7PeJL
Teasell,Elvina,eteasell84@usgs.gov,fGJLdi7wMh
Plaskett,Niles,nplaskett85@pen.io,oLVKLvRPTmc
Brownfield,Roarke,rbrownfield86@phoca.cz,i3qIJ4dV
Wands,Rosetta,rwands87@blogger.com,Qv073r7Bd
Deval,Buddie,bdeval88@com.com,XukIrSW4XFr
VandeCastele,Lanie,lvandecastele89@slate.com,sqV0xQRa
Hedgeman,Pammy,phedgeman8a@amazon.com,We31ENOBw
LeJean,Palm,plejean8b@tiny.cc,3pK9OlC
Walmsley,Cristi,cwalmsley8c@myspace.com,YRuexTZ
Robel,Kane,krobel8d@globo.com,W4qLX5xnNE4B
Phebee,Jared,jphebee8e@photobucket.com,fuHnqMKHnbHy
Brennans,Meredith,mbrennans8f@gnu.org,JaLNCRzwF
Juszkiewicz,Frederica,fjuszkiewicz8g@theatlantic.com,LMPBLT8pLXnS
Costell,Luci,lcostell8h@liveinternet.ru,7vyykZ7bKr
Vockins,Dita,dvockins8i@abc.net.au,2AKwoT
Dorin,Caye,cdorin8j@bloomberg.com,m7Pudy
Laviste,Wolfie,wlaviste8k@qq.com,nDwonpgw
Yendle,Mignonne,myendle8l@unblog.fr,CmLOthf15fld
Overland,Louie,loverland8m@biblegateway.com,QyzCiJJCoWp
Mowbury,Germayne,gmowbury8n@usgs.gov,LrFiJdXvOo2
Eggers,Samson,seggers8o@loc.gov,NJFmt2VF
Claire,Nikki,nclaire8p@craigslist.org,SLIM32
Strephan,Doyle,dstrephan8q@prlog.org,kvG3b62JFx
Gerrelts,Pierre,pgerrelts8r@hubpages.com,QJH7sALIp
Mallen,Rosemary,rmallen8s@stanford.edu,I2dSCksBl
Kaveney,Mozes,mkaveney8t@vinaora.com,Q7MhVOCOop
Cristoferi,Briant,bcristoferi8u@addtoany.com,Z3mzpZ3AyV2
Presley,Mirabella,mpresley8v@storify.com,hip4o4
Furmenger,Sumner,sfurmenger8w@businesswire.com,VcRev2
Deavin,Farr,fdeavin8x@opensource.org,DMGOP8Lg
Corroyer,Malva,mcorroyer8y@reuters.com,TvGPpv
Melland,Maureene,mmelland8z@about.me,ANxRVAkv6t
Marshal,Franz,fmarshal90@umich.edu,mKlgPul7Pl
Jahner,Gunther,gjahner91@illinois.edu,U2YRUCJO0gYo
ODonnelly,Isidora,iodonnelly92@163.com,HmYLpso9D6R6
Bummfrey,Blondy,bbummfrey93@networkadvertising.org,1WCwbB
Cowwell,Hillie,hcowwell94@europa.eu,Z0Z8LC
Rens,Benson,brens95@woothemes.com,VmC8jB
Gates,Duke,dgates96@blogs.com,iVI3Q0crvtw
Landman,Maggie,mlandman97@e-recht24.de,3ZnmL7fgwVu
Harold,Corella,charold98@usatoday.com,Mt9CTAN1TfVt
Tailour,Eleanor,etailour99@weather.com,1FY4SoGb2
McGraffin,Geoffrey,gmcgraffin9a@ft.com,CYL241JnUC
Fayerbrother,Pippo,pfayerbrother9b@taobao.com,ZhMljN
Coady,Barrie,bcoady9c@dell.com,xOD04Q
Taile,Amata,ataile9d@fda.gov,N5GecmCB
Petranek,Nicole,npetranek9e@unblog.fr,nLSuFAIMM
Kittoe,Heddi,hkittoe9f@businessinsider.com,rA9D2njEY
Gaylard,Vittorio,vgaylard9g@state.tx.us,l3fOqOy4R
Prigg,Renato,rprigg9h@simplemachines.org,nP65kYA3i
Ellery,Annamarie,aellery9i@cisco.com,mbjszQ
Dunaway,Claire,cdunaway9j@sakura.ne.jp,m8gpIg
Krochmann,Lelia,lkrochmann9k@plala.or.jp,hU0Ujod4zPIG
Berndsen,Sharona,sberndsen9l@adobe.com,dnXfYAg
Fairham,Nealy,nfairham9m@moonfruit.com,4BXpBl
Dowyer,Krystyna,kdowyer9n@liveinternet.ru,4wswSx
Peers,Laurens,lpeers9o@amazon.co.uk,Rt5zOreLO
Rude,Selma,srude9p@boston.com,iEbUsXu
Hurley,Andee,ahurley9q@sina.com.cn,UR5K6Vi
Wildish,Anabel,awildish9r@slashdot.org,ah5oR590
Pettko,Myrah,mpettko9s@i2i.jp,TlIXP2P
Haycock,Remington,rhaycock9t@upenn.edu,h46vmw
MacCorkell,Abram,amaccorkell9u@redcross.org,LywISwKPq
Mark,Giraldo,gmark9v@seattletimes.com,WKLMeQN17PMf
Zywicki,Faun,fzywicki9w@nymag.com,g21ghnA1b
Perello,Boyd,bperello9x@a8.net,0zFvqw7h3sL
Brobak,Gabriela,gbrobak9y@ucoz.com,5PPztNR
Heinschke,Hatty,hheinschke9z@geocities.com,QnSZb0
Barnson,Billy,bbarnsona0@skyrock.com,Ox0zOKPQq54L
Klaassens,Malena,mklaassensa1@seesaa.net,FmDaZwcB
Diglin,Timmy,tdiglina2@mlb.com,2uBKCaN
Oneil,Noni,noneila3@icio.us,2zHmTG73SlS
Riccio,Hyman,hriccioa4@theguardian.com,0PTOp4YD8rKA
McGavin,Eben,emcgavina5@netlog.com,0As49kJKGb
Speek,Rutger,rspeeka6@wikipedia.org,jZrrSIE5gqVl
Bohlin,Clevie,cbohlina7@tiny.cc,IIiHEpM5vBVl
Bromfield,Port,pbromfielda8@hatena.ne.jp,2jCRK71
Wharram,Wain,wwharrama9@t-online.de,VhmtRk6BBi0
Darell,Cyrill,cdarellaa@upenn.edu,0wpfAqFb
Tullis,Kendra,ktullisab@umn.edu,IdeVzPsB54Qy
Wooster,Cris,cwoosterac@theatlantic.com,qe2dnIHWQL
Chamney,Jacinta,jchamneyad@purevolume.com,QjSA7yDANAfw
Marcoolyn,Gelya,gmarcoolynae@about.com,pIxACF45oq
Quartermaine,Gilbert,gquartermaineaf@g.co,7CPvTYY7omDr
Zelner,Alexandre,azelnerag@naver.com,gSLTFpKO
Copestake,Nelson,ncopestakeah@theatlantic.com,cqc6aRkA
Crotty,Ardath,acrottyai@google.co.uk,c2QOW8UXx
Yurov,Garwin,gyurovaj@clickbank.net,4BjkOAmav10J
Keeri,Enrika,ekeeriak@wiley.com,ydmxbUmKk
Dannatt,Ricard,rdannattal@psu.edu,YDo9K0iWo4C
Sapauton,Angy,asapautonam@g.co,VBANa4JpPzlJ
Meynell,Eal,emeynellan@opera.com,CfKUtyq
Kitteringham,Phil,pkitteringhamao@istockphoto.com,KzGywwhEdP
Ick,Renie,rickap@chron.com,7DDgaUjiGqG3
Whall,Wandis,wwhallaq@icio.us,cDmt0o
Goulston,Meggy,mgoulstonar@google.es,nCn0bCVN61D
Kilmary,Elmer,ekilmaryas@dmoz.org,USwZQTqcnNn
Cantillon,Sigismondo,scantillonat@themeforest.net,tdT8laDycW
Chater,Gerri,gchaterau@wired.com,K46rNT
MacFadin,Irving,imacfadinav@cbc.ca,DypHefEVHm4K
Gretham,Karney,kgrethamaw@printfriendly.com,zWBseE3s6
Huleatt,Kristyn,khuleattax@list-manage.com,HlHBrgOg
Stoner,Henry,hstoneray@rambler.ru,bsCKXbUK9A
Gon,Milzie,mgonaz@vistaprint.com,vMUPnGLGC
Messom,Lonna,lmessomb0@chron.com,f9WNOC
Brightwell,Linzy,lbrightwellb1@csmonitor.com,qsYehi72H
Cuningham,Gale,gcuninghamb2@pinterest.com,3VJReaV
Janicki,Jenelle,jjanickib3@nature.com,ss9qGvhl
Redmond,Yurik,yredmondb4@marriott.com,FDPnRULk1Ui
Waterhowse,Teri,twaterhowseb5@illinois.edu,bnMRT0hdTB
Ties,Paddy,ptiesb6@hc360.com,j2nzB8C
Kuschke,Myranda,mkuschkeb7@ucla.edu,6yakTz7Ds8
Tute,Reinwald,rtuteb8@google.de,awuZR6fb
Addison,Brian,baddisonb9@com.com,tuv7auplSUoS
Balser,Cayla,cbalserba@godaddy.com,hX0bfClo
Manion,Paquito,pmanionbb@cnet.com,CKdBcfKCJiH
DeHoogh,Elbertina,edehooghbc@usnews.com,ISeF6Bm63BR7
Franzman,Waite,wfranzmanbd@ezinearticles.com,zKqR8Ek5
Newham,Maurene,mnewhambe@amazon.com,zLEsMGa
Biggadyke,Federica,fbiggadykebf@opensource.org,3cGCdeeh2gsR
Bagott,Ham,hbagottbg@1und1.de,1xhoPVUZC6
Melding,Emelita,emeldingbh@vkontakte.ru,B5tP2fCkmFP
Langan,Padraig,planganbi@cnet.com,19TSAfp
Valance,Meade,mvalancebj@i2i.jp,c0gjwV7cKB4
Wordington,Carrissa,cwordingtonbk@reddit.com,BcwUYSj
Bernolet,Drona,dbernoletbl@weather.com,R6iPenGL
Josham,Martica,mjoshambm@phpbb.com,AWj6HLe
Gauld,Whit,wgauldbn@un.org,u1daZG1
Langstone,Karlee,klangstonebo@umich.edu,OuddU96
Corn,Wald,wcornbp@marriott.com,4zmG0Mapbm1
Robertshaw,Mariele,mrobertshawbq@wikia.com,00gS72hw
Witard,Carolan,cwitardbr@addtoany.com,SRLR3XIN
Curthoys,Nessa,ncurthoysbs@jimdo.com,zQYlDYiZ
Walster,Lotti,lwalsterbt@hud.gov,P9haMc
Dimitrie,Simonette,sdimitriebu@mysql.com,m198kTQnIEk
Guyonneau,Burl,bguyonneaubv@sciencedirect.com,vFHXuJezQqy3
Schirok,Neda,nschirokbw@ucoz.ru,Z5rmNH
Ivatts,Bethena,bivattsbx@ifeng.com,fLWWZduab
Lightning,Heddi,hlightningby@salon.com,N4Gig4d
Cornelleau,Frederigo,fcornelleaubz@usda.gov,dTMqxXq
Plampin,Adolphus,aplampinc0@cpanel.net,GbT4wd
Brittoner,Elysha,ebrittonerc1@auda.org.au,gbyNnT
Wesson,Engelbert,ewessonc2@example.com,tv4f8OZ
Skerm,Paquito,pskermc3@uiuc.edu,AaC2La7LLs
Stryde,Marice,mstrydec4@bluehost.com,Od01ah
Carlsen,Marne,mcarlsenc5@dropbox.com,8TidczBS4M
Kimmince,Anne,akimmincec6@jugem.jp,ed8ZWd
Burdikin,Vincenty,vburdikinc7@myspace.com,cD3IKUfRIE
Philipps,Ora,ophilippsc8@hexun.com,KoZqhjs8eI
Buddell,Maryrose,mbuddellc9@eepurl.com,San3Jht
Barosch,Enriqueta,ebaroschca@unc.edu,hSLGjN
Rillatt,Hagan,hrillattcb@apache.org,t2papy2Owirp
Pryer,Marvin,mpryercc@cpanel.net,zI3T9uW
Broske,Derek,dbroskecd@github.io,gyGqhIxDRo
Kobieriecki,Catlaina,ckobierieckice@smugmug.com,DowQFd8LDr0E
Garlant,Oliy,ogarlantcf@creativecommons.org,YpelwZR
Bonsul,Grenville,gbonsulcg@reuters.com,8o0qX7WXV
Duggan,Rhiamon,rdugganch@bloglovin.com,OaIvdfCLPbn
Krzysztof,Herbie,hkrzysztofci@bizjournals.com,qVv7l9lmclR
Cord,Reeba,rcordcj@newyorker.com,UOtuE2
Freathy,Morgan,mfreathyck@4shared.com,4U9ssf5H
Fernandez,Lorrin,lfernandezcl@ihg.com,pYAq7SihNOm
Chesshire,Wilmar,wchesshirecm@multiply.com,jhmApYun
Jeromson,Rona,rjeromsoncn@dmoz.org,DCyqDsZaUu
Heads,Gilberte,gheadsco@shareasale.com,GYMHAn74cV
Linkleter,Gabbey,glinkletercp@eepurl.com,Qq45ySsOT
Antonognoli,Theo,tantonognolicq@ucoz.com,OrevpAoGRn
Fasson,Marc,mfassoncr@amazonaws.com,nwmhPF65fv
Doeg,Benedict,bdoegcs@google.fr,nSH2nnQH6E4
Spurman,Cloris,cspurmanct@meetup.com,fo1aIih
Yair,Mag,myaircu@tuttocitta.it,de02vU
Goodday,Virgilio,vgooddaycv@prnewswire.com,dbZiRJWAEvi
Rhymes,Freemon,frhymescw@smh.com.au,6IXBdqrfm
Baud,Quincy,qbaudcx@ameblo.jp,iADLftR6S
Chettle,Estell,echettlecy@eepurl.com,W5UczzX6P
Yurlov,Lorrie,lyurlovcz@delicious.com,dPsQPmplc
Lowdwell,Libbie,llowdwelld0@ft.com,ZOnJOdLJD7
Sawl,Emmalyn,esawld1@google.com.br,0JYFdSgrrc
Vanichkov,Noelyn,nvanichkovd2@lulu.com,yWk88n
Bampkin,Leodora,lbampkind3@foxnews.com,40XhkzTSnAOX
Rue,Maurice,mrued4@lycos.com,0yFDsp
Itzchaky,Melisent,mitzchakyd5@tmall.com,Sp6Kdbf
McEniry,Kermy,kmceniryd6@yelp.com,8fJChzKxb
Lowth,Lea,llowthd7@tinypic.com,MjDDqhv8ay2
Knellen,Augy,aknellend8@statcounter.com,0gBdLNUjuU
Pitkaithly,Elna,epitkaithlyd9@google.ru,v3AxtUzm
Jancar,Timi,tjancarda@simplemachines.org,PPeVARq7ot
Bridgnell,Kissie,kbridgnelldb@fema.gov,SL2SOk1
Masedon,Brit,bmasedondc@goodreads.com,3cDipnvii
Wignall,Karin,kwignalldd@youtu.be,helNQUrq
Swigger,Dorree,dswiggerde@domainmarket.com,OMEG7gEW
Blucher,Jerrine,jblucherdf@themeforest.net,sZ36Em
DeGiorgi,Neile,ndegiorgidg@list-manage.com,oYT0iZjo
Gillett,Marv,mgillettdh@sogou.com,sY34kt3yrNXo
Kirkland,Reiko,rkirklanddi@cisco.com,fCKbKC4br
Andrzejczak,Alick,aandrzejczakdj@rambler.ru,4ZRI3KyUYeS
Parkey,Dynah,dparkeydk@businesswire.com,HI6R5yCau
Beazey,Anett,abeazeydl@mapquest.com,YMdxQ5Wo
Blest,Kathe,kblestdm@home.pl,Ji05vc4
Priter,Berkie,bpriterdn@bizjournals.com,cC4QhPcd37
Deards,Deeanne,ddeardsdo@addtoany.com,qGHgMhlfwm
Franzen,Travis,tfranzendp@digg.com,xhGoDbj36nLh
Schwander,Johann,jschwanderdq@hhs.gov,3GBr0bhbSFY
Billinge,Teri,tbillingedr@pinterest.com,kV1jWKLKyv1
Matitiaho,Ferd,fmatitiahods@scientificamerican.com,y3MhrTRg2LT
Roddick,Annamarie,aroddickdt@oaic.gov.au,G2WKSETec6uA
Foxcroft,Raf,rfoxcroftdu@gov.uk,YZN4At
Bernardet,Aharon,abernardetdv@4shared.com,JKgtqPD
Perdue,Farrel,fperduedw@toplist.cz,ndlJxmGddM
Marden,Julienne,jmardendx@usatoday.com,Np0HSdaE
McKellen,Silvie,smckellendy@statcounter.com,8oGrtQWE
Orrey,Fredric,forreydz@dailymotion.com,C5btiDLh6
Strevens,Federico,fstrevense0@free.fr,g8qHtL73
McLenahan,Alexandra,amclenahane1@artisteer.com,oLgT7ph
Boxer,Harmonia,hboxere2@shinystat.com,vfXrgxOuE
Kopfen,Demeter,dkopfene3@ox.ac.uk,hI7J6XEoz2
Horlock,Rhona,rhorlocke4@moonfruit.com,AWmYTxY
Moraleda,Halsey,hmoraledae5@loc.gov,5NDQye
Beinke,Fancy,fbeinkee6@gravatar.com,lbSk7b8cGV
Egel,Marysa,megele7@yellowbook.com,8Y4YQd
Sucre,Alyse,asucree8@parallels.com,05FfU2V
Sawney,Penelopa,psawneye9@dagondesign.com,sXnMiMS
Ducker,Marthe,mduckerea@foxnews.com,vWY5NxU6wQJ
Joscelin,Debora,djoscelineb@bravesites.com,SMAYLJ0R
Balsdon,Tildie,tbalsdonec@google.ca,KQedkXjZ
Mostin,Lorianne,lmostined@uiuc.edu,wi9eBHm1
Wybrow,Gisela,gwybrowee@clickbank.net,bSY2PTe
Saket,Sophi,ssaketef@ca.gov,OAGdFcn6X
Deetlefs,Emmey,edeetlefseg@opensource.org,ci6Gd8zFO4qv
Baughen,Connor,cbaugheneh@symantec.com,jj3LqBiSfxz
Cudby,Rochella,rcudbyei@typepad.com,SFiUDgtjsqS
Brahmer,Alyce,abrahmerej@mozilla.org,AeXLsPQlMIJ
Padly,Antonetta,apadlyek@java.com,kGCapCe
Pawlyn,Marlee,mpawlynel@spotify.com,IAUnFccJ
MacNulty,Gian,gmacnultyem@goo.gl,ayBDx5uixJMq
Kigelman,Corrie,ckigelmanen@vkontakte.ru,OzQ8w9fbd
Clackson,Brandy,bclacksoneo@shinystat.com,ajycQ0
Gaitley,Astra,agaitleyep@t-online.de,R8nlohdQTWHC
Welland,Kerrie,kwellandeq@slideshare.net,WorQ7AigKvA
Michelet,Selina,smicheleter@unc.edu,To5GfChHTqL
Venard,Ardenia,avenardes@globo.com,BzejEdwO4iEu
Breitler,Kettie,kbreitleret@theglobeandmail.com,vcrsuozmQ
Roycraft,Estrella,eroycrafteu@ibm.com,hMYMfS
Frankowski,Milka,mfrankowskiev@xinhuanet.com,B8eZ1nOn
Oxtiby,Evangelina,eoxtibyew@typepad.com,W50yXBJCBJp
Ranald,Kenna,kranaldex@dot.gov,iARene
Falla,Rennie,rfallaey@google.com,pH8LWXh
Bysshe,Farand,fbyssheez@tiny.cc,jr3JPVtqCtKc
Woodbridge,Danya,dwoodbridgef0@tiny.cc,U1FspSd1aod
Caillou,Kandy,kcaillouf1@nature.com,5jMXQKhF
Agott,Cassie,cagottf2@mozilla.org,IA8PXD9
Murdy,Ophelia,omurdyf3@123-reg.co.uk,mVgTGtQ
Henrys,Estrella,ehenrysf4@ehow.com,ZKEgDmqaRWn2
Edmeades,Saidee,sedmeadesf5@behance.net,C66czWMQUEu0
Fivey,Gae,gfiveyf6@bbc.co.uk,mL4vjRvMM
Ugo,Merell,mugof7@usa.gov,i0xAG90
Mattke,Dean,dmattkef8@hugedomains.com,wbFlto9leWLb
Dingwall,Violante,vdingwallf9@npr.org,yCm3CgViiE
Merwede,Jaimie,jmerwedefa@nsw.gov.au,roZD1V
Syseland,Cchaddie,csyselandfb@squarespace.com,yXIXCT3BbKcM
Goodfield,Boris,bgoodfieldfc@pcworld.com,JA4tR0ph
Hinkensen,Helen-elizabeth,hhinkensenfd@godaddy.com,UkkGJFD8ph
Dibnah,Fran,fdibnahfe@harvard.edu,wuxDdZoa
Pinching,Cyrille,cpinchingff@telegraph.co.uk,JxjGJ4wF6o9v
Speenden,Bendite,bspeendenfg@marketwatch.com,OBorVb9vSJ
Southon,Emmalynne,esouthonfh@nhs.uk,3iZDacaIj
Bowld,Ainslee,abowldfi@who.int,nf4AVqar5q9
Sellan,Rurik,rsellanfj@forbes.com,392RO6
Grzegorzewicz,Sasha,sgrzegorzewiczfk@amazon.de,gU2EddHJXJpB
Saward,Marthe,msawardfl@narod.ru,34nzBJBV
Threadkell,Robin,rthreadkellfm@deliciousdays.com,F9DQcO0
Sinncock,Kathryne,ksinncockfn@cornell.edu,2dQuPUzP
Vakhrushev,Goldarina,gvakhrushevfo@berkeley.edu,2Y0f7at
Bellas,Lorna,lbellasfp@a8.net,KDpoNCt
Gartan,Ranice,rgartanfq@timesonline.co.uk,q37DYC2qImeU
Dobbings,Junie,jdobbingsfr@telegraph.co.uk,DjhkRDxT
Scowcraft,Eloisa,escowcraftfs@livejournal.com,9Jdu2Xn2V
Bradden,Gene,gbraddenft@sfgate.com,slqqGA
Hugill,Guglielma,ghugillfu@slate.com,S2QioVPodE2n
McAree,Gina,gmcareefv@amazon.de,qfJ4nK
Fills,Doralyn,dfillsfw@geocities.jp,boFEeI6lOT
Autin,Hillier,hautinfx@rakuten.co.jp,6s992QG
Origan,Shoshanna,soriganfy@ezinearticles.com,fHEeY0z6F
Shenton,Lelia,lshentonfz@imageshack.us,T4tJlQH
Quinnelly,Jack,jquinnellyg0@nature.com,iEHtET7OhTCY
Hunston,Stacy,shunstong1@msn.com,asrHV0jCo0
Jillitt,Eric,ejillittg2@shareasale.com,DdFQTb
Dalglish,Catlin,cdalglishg3@constantcontact.com,7pMh5WC
Brechin,Vitia,vbreching4@clickbank.net,RxDjyyzjdw
Monksfield,Lester,lmonksfieldg5@theguardian.com,mf0hXJ
Dressell,Tris,tdressellg6@zimbio.com,Uogwmfd
Catlette,Walliw,wcatletteg7@scientificamerican.com,4ujR08
Meharg,Carlin,cmehargg8@ezinearticles.com,J1gQj7hKOF4
Ygoe,Efrem,eygoeg9@ask.com,Y1zV0PH165E
Peedell,Charlean,cpeedellga@cmu.edu,KkiZ3t0nyB
Collis,Roderigo,rcollisgb@businesswire.com,AW83cdt
Issacson,Joline,jissacsongc@theglobeandmail.com,GXkdmtyZqW8
Pancast,Powell,ppancastgd@infoseek.co.jp,WLIqIQfa6a
Setchfield,Madalyn,msetchfieldge@unc.edu,nh73nrwpxPgs
MacKimmie,Murdock,mmackimmiegf@jalbum.net,hzVnhugMu2Sy
Loble,Mehetabel,mloblegg@creativecommons.org,D1xZGuwcM
Frome,Genny,gfromegh@ocn.ne.jp,ZPZTYqA
Shoebotham,Tedi,tshoebothamgi@washingtonpost.com,SBWfQV
Bartoszewski,Elbertina,ebartoszewskigj@godaddy.com,tTHQo5zoV
Mussettini,Colette,cmussettinigk@comcast.net,94MhN1P
Godley,Lorri,lgodleygl@studiopress.com,74il8yYAw3La
Mackinder,Essie,emackindergm@unblog.fr,qWcQEq5ufFxD
Corzor,Benny,bcorzorgn@sogou.com,twGE0yz
Vasilyonok,Moyna,mvasilyonokgo@google.com.br,fCCS2glXz
Pragnall,Lorne,lpragnallgp@vistaprint.com,KDCvip3XCc
Boodle,Cristen,cboodlegq@tuttocitta.it,2IjZCaMr
Holgan,Trueman,tholgangr@bloglines.com,6ixBlz5
Possel,Laurianne,lposselgs@independent.co.uk,y4jBbfVU
Georgeson,Rani,rgeorgesongt@usda.gov,TxmgDA7V
Impy,Valene,vimpygu@elegantthemes.com,2mkLWmx9kCJ
Leirmonth,Latisha,lleirmonthgv@woothemes.com,8WaNwFalV
Whorton,Bobbye,bwhortongw@theglobeandmail.com,sA8sLFThdjH3
Hainge,Jaquenetta,jhaingegx@1688.com,6GwmqTwyQM
Swindon,Gunter,gswindongy@gmpg.org,Z59vJzw
Ekins,Lindy,lekinsgz@csmonitor.com,foJAxNAKMWb
OHanley,Gerty,gohanleyh0@sciencedaily.com,N4oP33g
Eustace,Allison,aeustaceh1@acquirethisname.com,Okm0hDVy
Korneev,Myrvyn,mkorneevh2@shop-pro.jp,rUOTkHPE1T
Avramovich,Eliot,eavramovichh3@amazon.co.jp,jDvytS
Robelet,Donelle,drobeleth4@walmart.com,YqkFREPEor
Westwater,Frankie,fwestwaterh5@imageshack.us,siu4Q9FllS
Lambal,Celie,clambalh6@harvard.edu,epMVgYJ4
Eastham,Brad,beasthamh7@blogs.com,3b7vH1TMMs
Campsall,Susie,scampsallh8@cdbaby.com,9Cl5k3Q
Cufley,Lelah,lcufleyh9@biblegateway.com,9cHhzv
Brundell,Glenn,gbrundellha@miitbeian.gov.cn,CWT0QSnlpTr8
Griffiths,George,ggriffithshb@samsung.com,02DDECZ19
Chisholm,Dulcea,dchisholmhc@foxnews.com,Vbo1al3LqpAs
Shilstone,Rory,rshilstonehd@live.com,cE3ohH
Dryden,Teddie,tdrydenhe@cnbc.com,sAjj4850P
Sandwich,Ferdinande,fsandwichhf@arizona.edu,KAQgYrc
Hegdonne,Clemmie,chegdonnehg@msu.edu,dyIqJFBcn1
Piwall,Dalia,dpiwallhh@stanford.edu,beIMk9m0cflV
Sumers,Marcelia,msumershi@geocities.com,RU63QXXmlh
Rallin,Noach,nrallinhj@edublogs.org,Iag3JIt
Griswood,Livy,lgriswoodhk@wikia.com,TUaEq7f7v
Kareman,Agnese,akaremanhl@sbwire.com,pHC8XIebFsJd
MacAne,Nelli,nmacanehm@businesswire.com,DTiyuf
Castanyer,Aprilette,acastanyerhn@newsvine.com,IWBiC9y
Mccaull,Lil,lmccaullho@latimes.com,pRX49a3sOUcF
Skain,Henryetta,hskainhp@timesonline.co.uk,LDnxUD3l
Landy,Huntley,hlandyhq@fc2.com,Cs2tCQL
Lartice,Rafi,rlarticehr@twitter.com,fq4YeWN
Strugnell,Else,estrugnellhs@wired.com,SQQtI4RM99r
Ockland,Aurelia,aocklandht@cnbc.com,UXKI3H
Gummory,Creight,cgummoryhu@i2i.jp,QxjtTsAFsesm
Galvin,Rowan,rgalvinhv@businesswire.com,dHFLEtp
Markos,Remington,rmarkoshw@last.fm,BOlMC2YJD
Digman,Cortney,cdigmanhx@usa.gov,biyKzxL24
Greenless,Fiann,fgreenlesshy@reverbnation.com,BtXnT0k0dT
Bonnier,Berkley,bbonnierhz@japanpost.jp,4duOEKngP52
Pammenter,Elna,epammenteri0@cbslocal.com,dyYMGKkSOo
Gorman,Marcie,mgormani1@technorati.com,BPthi8ZkwDOJ
Basile,Gawen,gbasilei2@ihg.com,gjsgynXS7re
Yele,Worthy,wyelei3@imageshack.us,HMxwPfJ6Z
Friedank,Vilhelmina,vfriedanki4@google.es,9IdzssyG
Ealam,Deidre,dealami5@ifeng.com,qNyCH4
Rathe,Perice,prathei6@technorati.com,MhXmJ6konkOF
Hanham,Tybie,thanhami7@mac.com,acj6pEjKu
DeFrancisci,Mady,mdefranciscii8@youtube.com,QOugKvtkQP
Naile,Cobbie,cnailei9@bbb.org,xUeZVlFJMHXY
Collihole,Rudie,rcolliholeia@discuz.net,a64Zp8HgWsW
Pirolini,Jo,jpiroliniib@edublogs.org,VKvLbnvoces
Cockling,Mose,mcocklingic@purevolume.com,GZEISS6fZK
Kits,Hestia,hkitsid@hhs.gov,E3KIoV
Ruggier,Miner,mruggierie@samsung.com,rdrMUi
Aleksankin,Adler,aaleksankinif@uol.com.br,oJEJCBJ
Gooders,Shay,sgoodersig@senate.gov,vJAEJSVi
Vasyushkhin,Justina,jvasyushkhinih@1688.com,go8vdyn7aHZ7
Smidmore,Celesta,csmidmoreii@sogou.com,is2t50a
Shillabeare,Waring,wshillabeareij@webmd.com,uwoLnkN
Klos,Kelsy,kklosik@goo.gl,JA2CZr1n7gHm
Milesop,Jenica,jmilesopil@symantec.com,MFNamqhfG
Pockett,Gabrila,gpockettim@apple.com,iTHDog
Reubens,Freddie,freubensin@ocn.ne.jp,LnlQnmLoT
Zarfati,Ignaz,izarfatiio@amazon.co.uk,yHKOfLFMjP0
Oels,Kelwin,koelsip@narod.ru,GHnZ9o2we3tR
Loy,Madeline,mloyiq@stumbleupon.com,BYJHHrq5a
Tierney,Oralia,otierneyir@blogspot.com,02B5pmTR80s1
Bungey,Sky,sbungeyis@berkeley.edu,QwItVBf7wT0
Gamlin,Laird,lgamlinit@istockphoto.com,MqO9WzSfL8u
Dight,Tommi,tdightiu@deliciousdays.com,GQrmyNEiSbrX
Lamont,Robbert,rlamontiv@facebook.com,Nx2vgORierp
Stourton,Cobby,cstourtoniw@netlog.com,fEM6q30GkFly
Baird,Alfy,abairdix@ovh.net,x8JwdSbvW
Molen,Ranna,rmoleniy@hubpages.com,iOh3mjd6tkff
Linkleter,Geordie,glinkleteriz@wufoo.com,cU4vj0
Laugheran,Maurine,mlaugheranj0@blogger.com,A4jwnvdHOBm
Humphery,Anneliese,ahumpheryj1@freewebs.com,tENvZ4O1
Pinsent,Reinwald,rpinsentj2@miitbeian.gov.cn,cZ7JEJG1zFR2
Endley,Anabel,aendleyj3@sciencedirect.com,977XyeMYBt2
Down,Annmarie,adownj4@netlog.com,HWKRqIR
Dawton,Philipa,pdawtonj5@zimbio.com,2sbY5DyY6qkz
Kings,Travers,tkingsj6@upenn.edu,sfTVG4
VanVelde,Wynne,wvanveldej7@microsoft.com,4qKaW0Dh43Z
Whate,Natka,nwhatej8@twitpic.com,sMDZfrMSj
Capelle,Moreen,mcapellej9@eventbrite.com,OCSCIojZcG16
Copsey,Connor,ccopseyja@tumblr.com,mjqvAcQ18u
Dowse,Winnifred,wdowsejb@nhs.uk,ODWZLi
Keep,Saunderson,skeepjc@walmart.com,kBYfMo4sgqHl
Vonasek,Bendick,bvonasekjd@webs.com,uEQ8vIAw
Hesse,Gayle,ghesseje@usda.gov,okWRZPRbZQ
Grote,Hanni,hgrotejf@desdev.cn,sAxzcyLyHL
Tabrett,Massimiliano,mtabrettjg@qq.com,srUkghEmNMq4
Seals,Annamaria,asealsjh@cloudflare.com,vClXCjeiG
Beeke,Niccolo,nbeekeji@apple.com,qRLwd2
Dunbobbin,Roddy,rdunbobbinjj@hatena.ne.jp,ccvrR9DTPn83
Awdry,Joannes,jawdryjk@bravesites.com,6TAoOb
Cosgrave,Miranda,mcosgravejl@friendfeed.com,nArEfc
Conroy,Eleonore,econroyjm@list-manage.com,8RAs56
Conibear,Penny,pconibearjn@noaa.gov,ywBavg5bUL
Lund,Benedetto,blundjo@flickr.com,sJjFfFD0wfvE
Storrah,Garrick,gstorrahjp@columbia.edu,AjXBxSExsf
Tregensoe,Annis,atregensoejq@ebay.com,ZOlVJu
Batter,Brianna,bbatterjr@answers.com,s4tE4CcNE4
Vasyukov,Madeline,mvasyukovjs@slashdot.org,1j9FlVVcDq
Geerdts,Olly,ogeerdtsjt@cpanel.net,cnwbGSF
Patry,Monika,mpatryju@vkontakte.ru,ZSxPdAi
Crutchley,Gnni,gcrutchleyjv@earthlink.net,R10kh7V
Blanchard,Erica,eblanchardjw@google.ca,REYH6Qk3M
Sager,Jeana,jsagerjx@naver.com,gT5muu
Hoxey,Federica,fhoxeyjy@java.com,3slBEST3
Spurway,Arlena,aspurwayjz@imdb.com,q8YCmNbVL94
Wolverson,Grannie,gwolversonk0@comcast.net,NGbwnVCOd
Tsarovic,Belicia,btsarovick1@tamu.edu,ssXCaMJgtGpT
Tidball,Angil,atidballk2@nyu.edu,BhVBh8
Proughten,Arnie,aproughtenk3@seattletimes.com,9Jhe4C
Triplett,Marieann,mtriplettk4@flickr.com,ZSgtNH
Noorwood,Gus,gnoorwoodk5@harvard.edu,j2BTN3KOzd
Didsbury,Jermayne,jdidsburyk6@virginia.edu,sJnHHkwg6
Buckingham,Ralina,rbuckinghamk7@jiathis.com,yytT7o
Pryell,Lorne,lpryellk8@ted.com,i3XwpC
LeEstut,Imelda,ileestutk9@wikimedia.org,q9Y0YU
Shillitoe,Germaine,gshillitoeka@mayoclinic.com,TTzZV1W
McSporrin,Pollyanna,pmcsporrinkb@chron.com,izHMNmm8
Phette,Dall,dphettekc@bigcartel.com,ldhfEyBpW
Spinley,Janette,jspinleykd@amazonaws.com,hOCsDMtOGE
Della,Fairfax,fdellake@cyberchimps.com,qAVLfSMq2dH
Twede,Trevor,ttwedekf@reference.com,FHzsdv4
Bransdon,Yolanthe,ybransdonkg@apple.com,Cl9Sa8
OCorrin,Emelita,eocorrinkh@hubpages.com,ykJtLf40umf
Pietersma,Helsa,hpietersmaki@canalblog.com,BP858s
Trevorrow,Natal,ntrevorrowkj@bloglines.com,OyTDYp4u9ERX
Petrina,Cad,cpetrinakk@wisc.edu,HVVBH0j9YUf
Filon,Murial,mfilonkl@squarespace.com,KcUYpZ8
Breche,Erasmus,ebrechekm@independent.co.uk,LYM4xvSuba
Poulden,Langston,lpouldenkn@craigslist.org,dcJpUQS
Hewson,Almeta,ahewsonko@squarespace.com,j5luNmQ8A
Kolinsky,Constantine,ckolinskykp@cbc.ca,5yOpNmAG
Klyner,Kalie,kklynerkq@example.com,xVd4QcVR6En3
Giacomasso,Yetty,ygiacomassokr@nyu.edu,jUwvmNaW4LD
Lincey,Cacilia,clinceyks@edublogs.org,1yjlojus48
Lomasna,Hephzibah,hlomasnakt@hugedomains.com,8iXaNRDOg
Mackelworth,Job,jmackelworthku@europa.eu,OdPRnz
Bickerdike,Tulley,tbickerdikekv@qq.com,HJQ0RH1aXMQV
Bickley,Abbot,abickleykw@mapy.cz,SJAgH9hLxj88
Hagwood,Porter,phagwoodkx@weibo.com,6DS36ihI1v5z
Bonafant,Reece,rbonafantky@csmonitor.com,wwM6RR5I
Quayle,Bjorn,bquaylekz@simplemachines.org,cM2Na10E
Bedboro,Georgiana,gbedborol0@sciencedaily.com,vZEbpn
Brunskill,Ros,rbrunskilll1@sogou.com,D3Ckpu
Brigham,Farica,fbrighaml2@abc.net.au,1yqB9Phmq
McGauhy,Chrisy,cmcgauhyl3@adobe.com,vKesOfNP
Harsnep,Tootsie,tharsnepl4@ovh.net,fDoGdR6Qj1
Sibbe,Mignonne,msibbel5@bbc.co.uk,QBgD0a
Burborough,Nicolina,nburboroughl6@stanford.edu,GDHPbS
Kidsley,Kellyann,kkidsleyl7@google.ca,iJOZTwrI
Stiling,Chariot,cstilingl8@samsung.com,3JTwBN
Battyll,Garrick,gbattylll9@mayoclinic.com,v7ieCT
Bartram,Aviva,abartramla@360.cn,VtZXrlBNUf
Coneley,Pat,pconeleylb@shinystat.com,7aR8Q9I8xw
Iuorio,Gannie,giuoriolc@cnbc.com,yejDni
Oxshott,Lorenza,loxshottld@ucoz.ru,bhC12WKZztS
Goodsell,Barrie,bgoodsellle@cisco.com,i6T4IF1Q
McIlenna,Lyda,lmcilennalf@privacy.gov.au,B9qoww
Billingham,Kathe,kbillinghamlg@thetimes.co.uk,tOEw6BzgA
Raeburn,Cazzie,craeburnlh@apache.org,TnUlWC7hO
Camolli,Benyamin,bcamollili@businesswire.com,AE3Yy0M
Picardo,Ronnica,rpicardolj@pcworld.com,CdzUgwwCeLpx
Longworthy,Sarette,slongworthylk@dot.gov,07ASSf
Trank,Anson,atrankll@surveymonkey.com,pCW20W0yg
Danielis,Gregory,gdanielislm@jigsy.com,zoj3Labr
Cookson,Richmond,rcooksonln@illinois.edu,ewNYwuzv0
Classen,Calida,cclassenlo@yellowpages.com,N1U4XSZt
Meric,Curtice,cmericlp@istockphoto.com,dfRDcff
Dorkin,Thain,tdorkinlq@webnode.com,ZoFTKqmlDg14
Tyght,Susi,styghtlr@wikipedia.org,mgH4Atdve
Beddin,Zita,zbeddinls@tiny.cc,4SFy8YrhtE
Ickowics,Bobinette,bickowicslt@intel.com,gpTENbx1
Sollis,Debbie,dsollislu@sina.com.cn,OFStsQc
Crumbie,Elsie,ecrumbielv@smugmug.com,88jwb7sz0pf
Beaty,Timmy,tbeatylw@photobucket.com,sAxPQna
McCambrois,Dolli,dmccambroislx@loc.gov,nSCGcz4dMzsv
Daber,Ericka,edaberly@csmonitor.com,6h69c0
Cuff,Nat,ncufflz@unesco.org,3S04C6fz0u
Scholl,Tina,tschollm0@paginegialle.it,GsiQiWOHGOu
Dunthorn,Jeannie,jdunthornm1@time.com,JvWOVxQrq2
Cake,Jaquenette,jcakem2@gnu.org,bcSfXv7
Lent,Roxine,rlentm3@networksolutions.com,PoZhXUT
Stangoe,Lacey,lstangoem4@gizmodo.com,rwWJrHmtyvB
Tenby,Ailsun,atenbym5@tripod.com,qEJgAfi4ra
Locker,Thekla,tlockerm6@sun.com,PsGEkh7
Berger,Osbourn,obergerm7@scribd.com,8drJT8
Carnell,Mendel,mcarnellm8@patch.com,cKijot
Mitchel,Carlyn,cmitchelm9@comcast.net,sKQ7Sp
Adolthine,Jeannie,jadolthinema@mit.edu,6K2PeG7Npm5
Cruces,Lucita,lcrucesmb@flickr.com,eV8SK868
Tanguy,Almira,atanguymc@exblog.jp,3rh25Oe0
Jansema,Vicki,vjansemamd@buzzfeed.com,Kk600WJCc
Gronno,Mariska,mgronnome@bing.com,R915eHeyWt
McCaffrey,Dinah,dmccaffreymf@sakura.ne.jp,yQ4tZCQlIhhT
Nye,Brant,bnyemg@globo.com,QKhxCSARAV
Lindenfeld,Francklin,flindenfeldmh@google.com.hk,k4k0M2fYW
Woodward,Prentiss,pwoodwardmi@rambler.ru,tcykXate
Reina,Delmer,dreinamj@fda.gov,YBiPtq7FW
Arnopp,Helenelizabeth,harnoppmk@squidoo.com,tYS8Sx
Eingerfield,Lenore,leingerfieldml@cpanel.net,oRF3v2Hr
Driuzzi,Cal,cdriuzzimm@fastcompany.com,v8W38KHo
Aulton,Eldon,eaultonmn@cafepress.com,Kcl7A4
Sayles,Cobb,csaylesmo@chron.com,yvREaxAqi
Lerohan,Gaby,glerohanmp@mlb.com,p254rsFevr
Muggleton,Marys,mmuggletonmq@google.es,jbQRdgVshTa
Cornelius,Fernanda,fcorneliusmr@squidoo.com,J1Yq4sP
Ausello,Nessie,nauselloms@vistaprint.com,ExLmsLHODLY
Flipek,Ferrell,fflipekmt@google.nl,z7kOBHBbQX
Eagle,Riley,reaglemu@friendfeed.com,VqqrXjnntu9u
Baxstair,Elfreda,ebaxstairmv@behance.net,nRKwszh6emR8
Guillon,Rosalie,rguillonmw@friendfeed.com,zLdjpJop
Hatz,Adoree,ahatzmx@163.com,0X6mdIG
Queripel,Kristos,kqueripelmy@cloudflare.com,xaF2uBEhnt
Greeveson,Brendis,bgreevesonmz@wired.com,kQyV6YO4Ng4D
Coulthard,Conway,ccoulthardn0@ehow.com,lHncI1R
Skipton,Agustin,askiptonn1@parallels.com,z4hPYVQ
Longden,Marie-jeanne,mlongdenn2@t.co,9F5il1gpl3I7
Gosz,Madelyn,mgoszn3@columbia.edu,viQ4HADDCZL
Trace,Godart,gtracen4@nymag.com,VXcDjkfwwxD
Keattch,Tabbi,tkeattchn5@apache.org,SZiOBY
McLenahan,Karee,kmclenahann6@ucla.edu,v4H2HVnT7Q8
Noury,Reece,rnouryn7@vinaora.com,rpO3i2G
Petyankin,Aleksandr,apetyankinn8@vistaprint.com,wMbFkQ
MacCafferky,Bradford,bmaccafferkyn9@nature.com,fpy06krG
Grover,Alistair,agroverna@lulu.com,8arUUVf
Happer,Tyler,thappernb@shinystat.com,jZxraQzdG
Fenck,Lizette,lfencknc@paypal.com,CKxBDU49b
Bernardeau,Gussi,gbernardeaund@examiner.com,6BRE6YbTu9
Wilcox,Dacia,dwilcoxne@usda.gov,RPbnWPeStXg
Esgate,Gloriane,gesgatenf@tinypic.com,ycGnGXML
Putton,Faythe,fputtonng@bluehost.com,BEwVk9AF3
Gaspar,Orel,ogasparnh@alibaba.com,NdRvSU
Waiton,Kylila,kwaitonni@elpais.com,tdmwDDofVW
Palfreeman,Thebault,tpalfreemannj@ow.ly,ITtCm1LL
Lob,Lissi,llobnk@netlog.com,HCvfpSetu
Frederick,Hillyer,hfredericknl@multiply.com,IUqVh8
Meran,Lottie,lmerannm@cargocollective.com,I2zV0w3i0Ia
Burdoun,Binny,bburdounnn@alexa.com,wjxxHDb
Kilfedder,Barbe,bkilfedderno@ameblo.jp,Onp90m
Perllman,Taddeusz,tperllmannp@multiply.com,ERdTsTFm
Franchyonok,Maddy,mfranchyonoknq@usatoday.com,yhyKX0mtyGnd
enzley,Domenico,denzleynr@cdbaby.com,CVCT5j1FJMu
Bonavia,Kristel,kbonavians@over-blog.com,9ASnC95XdIu
Bosward,Karleen,kboswardnt@marketwatch.com,PrrpOQMJhJ
Shoemark,Panchito,pshoemarknu@yellowpages.com,t5E7yf
Earpe,Pavia,pearpenv@friendfeed.com,zWhIb9rqYf
Weippert,Lise,lweippertnw@dedecms.com,5E7H6BM4ZWU
Stoltz,Danit,dstoltznx@fc2.com,f53mh7tE
Brookfield,Raina,rbrookfieldny@tuttocitta.it,r7jJ975
Cofax,Fin,fcofaxnz@opensource.org,5Uj53Kn
Sorbie,Raye,rsorbieo0@smh.com.au,dZylXv
Lorryman,Allie,alorrymano1@nps.gov,nmuhNexOnJ1S
Norley,Pattie,pnorleyo2@devhub.com,na4R9P
Banbridge,Denna,dbanbridgeo3@gnu.org,baACfo
Bedwell,Imogene,ibedwello4@xinhuanet.com,jKkdFNF82UV
Greenhowe,Rog,rgreenhoweo5@storify.com,o4eTez
Bellocht,Fee,fbellochto6@t-online.de,ipPIroW2R
Splevins,Hebert,hsplevinso7@dion.ne.jp,rZxvPgB
Keslake,Annadiane,akeslakeo8@list-manage.com,CIHTHIRxlJS
Brinklow,Sumner,sbrinklowo9@springer.com,b17OFmcYaF
Fumagall,Shamus,sfumagalloa@webmd.com,vna1z7EM5Za
Cicullo,Lazarus,lciculloob@sitemeter.com,FmYect
MacAlaster,Tymon,tmacalasteroc@vk.com,sL85rjuFrdrS
Gaye,Cassey,cgayeod@salon.com,UxSC2tU
Stanmer,Ginelle,gstanmeroe@accuweather.com,00sb5bNk
Mouton,Ramona,rmoutonof@vinaora.com,KqX0JvZsSxE3
Henzer,Nyssa,nhenzerog@bigcartel.com,ztcVh4KptpwI
Peres,Abe,aperesoh@linkedin.com,eFs0g1
Pinshon,Persis,ppinshonoi@bizjournals.com,t6hOlMapTPw5
Boulding,Muhammad,mbouldingoj@homestead.com,TrN3qlJXSApa
Mughal,Marnie,mmughalok@latimes.com,tfJvWZ
Amner,Letitia,lamnerol@arizona.edu,WPYQhzmIq
Mulqueen,Jarid,jmulqueenom@amazon.co.uk,adYuJlkyunSo
Whilde,Alwin,awhildeon@shinystat.com,acyWPmSw
Kingswell,Schuyler,skingswelloo@histats.com,xnbrm8AXgMf
Spurgin,Enid,espurginop@domainmarket.com,PfpKB1
Dutt,Rebeca,rduttoq@chicagotribune.com,28MQk5I
Bengochea,Arlen,abengocheaor@tuttocitta.it,Mbr3zPPSUf
Lambotin,Christie,clambotinos@lycos.com,Psyd7iZdNRl
Nelthrop,Dyanne,dnelthropot@ovh.net,rNGMft
Riggoll,Suzy,sriggollou@prnewswire.com,ZutrK6G
Schwaiger,Jeddy,jschwaigerov@craigslist.org,AlzPcRFE
Warfield,Iona,iwarfieldow@sciencedaily.com,ASihWglN
Lye,Janaya,jlyeox@cisco.com,RiU6AMcBLZG
Basso,Antonin,abassooy@twitpic.com,lXmRJkTLSWLd
Abramovic,Atlante,aabramovicoz@addthis.com,UI8sW8HGArQ
Niki,Mayoh,niki.mayoh@carlook.de,j2j81b6h6Jmj
Maude,Gatus,maude.gatus@carlook.de,oKAoaNtjCAv4
Darn,Noddle,darn.noddle@carlook.de,QXUtT7t1szG
Gaultiero,Cosson,gaultiero.cosson@carlook.de,NP5fL9NXdFCa
Hulda,Okroy,hulda.okroy@carlook.de,uYWV4QDfXjj
Georgeanne,Gilderoy,georgeanne.gilderoy@carlook.de,t5Qc0P7fR
Matthus,Greswell,matthus.greswell@carlook.de,rgLQYIdlD
Gwyn,Brognot,gwyn.brognot@carlook.de,SvRu1wBM
Biron,Ruddom,biron.ruddom@carlook.de,U8Zo4KTOl
Evey,Goodsir,evey.goodsir@carlook.de,f1hrZVJ6Q3k
Codi,Binny,codi.binny@carlook.de,njWXk41ED
Alphonso,Orsi,alphonso.orsi@carlook.de,9DAbpM2Ps
Niel,Bernardt,niel.bernardt@carlook.de,HWE4YY61Q7
Tiphani,Mottershaw,tiphani.mottershaw@carlook.de,ebEZXHTEQ
Alejandrina,Brockwell,alejandrina.brockwell@carlook.de,aYswdB6SpI
Marco,Twede,marco.twede@carlook.de,UpPd9DNF
Matilde,Enstone,matilde.enstone@carlook.de,M8QUvBO
Avery,Devigne,avery.devigne@carlook.de,qyJj3ZkOhK
Loralie,OSullivan,loralie.osullivan@carlook.de,uHscvz
Gerard,Drohun,gerard.drohun@carlook.de,CCyiR6p7YNiL
Dirk,Stable,dirk.stable@carlook.de,YdWgdRwoxPw
Curtis,Grzegorzewicz,curtis.grzegorzewicz@carlook.de,qOX6jcDrgnc
Arny,Shewon,arny.shewon@carlook.de,585D2vZ
Candra,Liley,candra.liley@carlook.de,u8ODp17F
Meridel,Ryding,meridel.ryding@carlook.de,kR8l8a
Daren,Barck,daren.barck@carlook.de,5E1n70lL
Rutter,Gallihawk,rutter.gallihawk@carlook.de,ZzIi57wErW
Marketa,Cawcutt,marketa.cawcutt@carlook.de,djuR2Bu9sHPO
Katy,Sivills,katy.sivills@carlook.de,8sgrUA
Jecho,Gethings,jecho.gethings@carlook.de,cPqSr6adzro
Arni,Haggar,arni.haggar@carlook.de,WiPgQHTyIWiP
Clay,Ellissen,clay.ellissen@carlook.de,6LJiUAPBuk
Miguela,Natt,miguela.natt@carlook.de,lso8ON6ycDuY
Gardiner,Benoy,gardiner.benoy@carlook.de,uba23Ng35F9
Frederigo,Delatour,frederigo.delatour@carlook.de,AzaZpdLGMFf5
Rosalynd,Blaney,rosalynd.blaney@carlook.de,b67sbk1SR
Catriona,MacNeely,catriona.macneely@carlook.de,QCjJoi5Ss
Godiva,Klejin,godiva.klejin@carlook.de,HEKMYfP
Cad,Ginnaly,cad.ginnaly@carlook.de,w0VLS6n7lqvq
Anastasia,Decker,anastasia.decker@carlook.de,CUwMjR
Kaitlynn,McInulty,kaitlynn.mcinulty@carlook.de,7m5hbrv
Georgie,Tynan,georgie.tynan@carlook.de,6YjWIvpGf
Rodolph,Ewens,rodolph.ewens@carlook.de,HVhEBM
Magdalene,Ridgwell,magdalene.ridgwell@carlook.de,kWbUqhI
Consolata,De Meis,consolata.de meis@carlook.de,Me4MJbg71
Britt,Robottom,britt.robottom@carlook.de,mTqpJeZqhJ
Kelcey,Murrie,kelcey.murrie@carlook.de,c09aWMXc3MJ5
Nealson,Elam,nealson.elam@carlook.de,2UiErQnL
Bonita,Knok,bonita.knok@carlook.de,7a0IjqV6
Milli,Bottrill,milli.bottrill@carlook.de,wTIm5UUPAno
Phyllis,Imloch,phyllis.imloch@carlook.de,0W6FjNjO
Helenelizabeth,Coonan,helenelizabeth.coonan@carlook.de,Cs0eyh
Corabel,Cawte,corabel.cawte@carlook.de,IOwlQzhZ
Etheline,Hourican,etheline.hourican@carlook.de,KsswCB9lH3tg
Ann,Lifsey,ann.lifsey@carlook.de,ynEcHH
Gian,Broyd,gian.broyd@carlook.de,2zRIlL
Dredi,Caustick,dredi.caustick@carlook.de,NDFMppLQHHy
Maisie,Marquot,maisie.marquot@carlook.de,caZeHvsj
Tatiana,Farry,tatiana.farry@carlook.de,adU2Z6In
Veronica,Haquard,veronica.haquard@carlook.de,wc6vsO
Rafaelita,Gilford,rafaelita.gilford@carlook.de,pvHo75Xr8Jf
Andee,Ruby,andee.ruby@carlook.de,dBytCsT
Nicko,Hewson,nicko.hewson@carlook.de,0JahZa
Anabelle,Flather,anabelle.flather@carlook.de,UmOSdAxstRfr
Mata,Ivanovic,mata.ivanovic@carlook.de,EUtGAUxNahqa
Calvin,Avann,calvin.avann@carlook.de,5OuSfYdnl
Beitris,Isherwood,beitris.isherwood@carlook.de,5FpSLdZFxA
Ber,MacNeilley,ber.macneilley@carlook.de,7u11VIdKlZ
Delia,Applin,delia.applin@carlook.de,favGNP
Adah,Balfour,adah.balfour@carlook.de,SBTsj4FySlx
Giff,Hankinson,giff.hankinson@carlook.de,iSRflSBdiIA
Gail,Archibould,gail.archibould@carlook.de,5X4bnUw3eFG
Angelia,Sangar,angelia.sangar@carlook.de,xmFMW7whZtsH
Maurine,Ferrarini,maurine.ferrarini@carlook.de,NgNDGrvWr031
Lou,Boorn,lou.boorn@carlook.de,9Xbkh8M2
Peg,Jeeves,peg.jeeves@carlook.de,nTZzK8fKMYu
Jan,Trittam,jan.trittam@carlook.de,6W4pN2NYMWCH
Theresina,Fosse,theresina.fosse@carlook.de,gSvQYVyp5QsY
Glenn,Castagno,glenn.castagno@carlook.de,waCtWKDqWYQa
Kari,Briskey,kari.briskey@carlook.de,m3SpUJmqCK
Fanchon,Panther,fanchon.panther@carlook.de,CC6EBh
Lida,Muneely,lida.muneely@carlook.de,zWFV0J4vBpa8
Sapphire,Kiefer,sapphire.kiefer@carlook.de,sGMsPy
Elle,Nation,elle.nation@carlook.de,HoxCiW9YZ
Alberta,Bossel,alberta.bossel@carlook.de,A1B2maJBiS
Davina,Valentin,davina.valentin@carlook.de,FoJ0dvCeSW
Thorin,Quincey,thorin.quincey@carlook.de,hYvEPIgxIoA
Saxon,Hairs,saxon.hairs@carlook.de,CCx6Wd
Rolph,Josskoviz,rolph.josskoviz@carlook.de,8cGyZ3W5I
Waite,Martino,waite.martino@carlook.de,7IPgVEx3pQ
Celine,Lanham,celine.lanham@carlook.de,wy2byyy
Megan,Robley,megan.robley@carlook.de,hnD7Xl
Evy,Bradshaw,evy.bradshaw@carlook.de,Rn7Usmr
Phaidra,Goater,phaidra.goater@carlook.de,3X6XqfzZsJ
Woody,Brim,woody.brim@carlook.de,1WD8WYn
Etan,LArcher,etan.larcher@carlook.de,ftibTDbLw
Shoshana,Thynne,shoshana.thynne@carlook.de,RExLRXMHj
Dilly,Mines,dilly.mines@carlook.de,gPre9r0
Carena,Andraud,carena.andraud@carlook.de,LhVFdlcEs8Zw
Misha,Cordeau,misha.cordeau@carlook.de,OrE1kCgbg1